{
	"id": "Atari Channel",
	"name": "Atari Channel",
	"active": true,
	"adult": false,
	"language": ["lat"],
	"thumbnail": "https://i.ibb.co/dLsd4rL/icon.png",
	"categories": ["movie", "tvshow"],
	"settings": [
			{
			"id": "include_in_global_search",
			"type": "bool",
			"label": "Incluir en busqueda global",
			"default": true,
			"enabled": true,
			"visible": true
		},
		{
			"id": "include_in_newest_peliculas",
			"type": "bool",
			"label": "Incluir en Novedades - Peliculas",
			"default": true,
			"enabled": true,
			"visible": true
		},
		{
			"id": "include_in_newest_series",
			"type": "bool",
			"label": "Incluir en Novedades - Series",
			"default": true,
			"enabled": true,
			"visible": true
		},
		{
			"id": "include_in_newest_terror",
			"type": "bool",
			"label": "Incluir en Novedades - terror",
			"default": true,
			"enabled": true,
			"visible": true
		},
		{
			"id": "include_in_newest_latino",
			"type": "bool",
			"label": "Incluir en Novedades - Latino",
			"default": true,
			"enabled": true,
			"visible": true
		},
		{
			"id": "perfil",
			"type": "list",
			"label": "Perfil de color",
			"default": 2,
			"enabled": true,
			"visible": true,
			"lvalues": [
			"Perfil 3",
			"Perfil 2",
			"Perfil 1",
			"Ninguno"
			]
		},
		{
			"id": "episodios_x_pag",
			"type": "list",
			"label": "Episodios por página",
			"default": 2,
			"enabled": true,
			"visible": true,
			"lvalues": [
			"10",
			"15",
			"20",
			"25",
			"30"
			]
		},
		{
			"id": "temporada_o_todos",
			"type": "bool",
			"label": "Mostrar temporadas",
			"default": true,
			"enabled": true,
			"visible": true
		}
	]
}